pagePath,deviceCategory,sourceMedium,sessions,conversions,bounceRate,conversionRate
/contact,desktop,direct / none,156,9,66.78146001636615,5.769230769230769
/product,tablet,direct / none,380,15,47.55493351795203,3.9473684210526314
/cart,mobile,google / organic,819,77,63.31992633600949,9.401709401709402
/product,desktop,google / organic,509,5,56.69918962929685,0.9823182711198428
/home,desktop,direct / none,108,1,43.991658302915326,0.9259259259259258
/checkout,tablet,facebook / cpc,736,32,57.10316055998524,4.3478260869565215
/checkout,desktop,direct / none,534,13,56.4526911140863,2.4344569288389515
/contact,mobile,email / newsletter,650,53,77.93792198447356,8.153846153846153
/home,mobile,google / organic,947,46,61.053981590729414,4.857444561774024
/contact,desktop,email / newsletter,992,44,30.401879210466326,4.435483870967742
/product,mobile,facebook / cpc,439,26,32.47649977209133,5.922551252847381
/blog,tablet,facebook / cpc,779,35,46.98524800218594,4.492939666238768
/checkout,mobile,direct / none,865,53,39.59244612835012,6.127167630057803
/checkout,desktop,facebook / cpc,345,26,70.67203092068908,7.536231884057972
/contact,desktop,email / newsletter,971,62,77.91531843584828,6.385169927909372
/blog,desktop,google / organic,64,0,29.91601634378015,0.0
/home,desktop,email / newsletter,697,58,20.331327027416144,8.321377331420372
/home,tablet,direct / none,338,31,56.35759848686068,9.171597633136095
/product,desktop,email / newsletter,184,9,71.00231466738796,4.891304347826087
/home,tablet,direct / none,623,47,39.51099932160482,7.54414125200642
/about,tablet,direct / none,788,58,27.1756547562981,7.3604060913705585
/home,desktop,facebook / cpc,552,30,66.25803079727366,5.434782608695652
/home,tablet,direct / none,907,17,21.52514760464571,1.8743109151047408
/contact,tablet,google / organic,613,44,53.79653431858302,7.177814029363784
/blog,tablet,direct / none,798,22,52.39046547810039,2.756892230576441
/blog,tablet,direct / none,292,27,29.673277235240263,9.246575342465754
/blog,mobile,google / organic,695,20,47.392074228974614,2.877697841726619
/checkout,mobile,facebook / cpc,380,7,39.46070126031644,1.8421052631578945
/home,tablet,facebook / cpc,274,18,36.32793496307812,6.569343065693431
/home,desktop,google / organic,308,17,20.417127831871444,5.51948051948052
/home,mobile,google / organic,274,11,27.19192204002097,4.014598540145985
/contact,tablet,facebook / cpc,721,52,51.12743730460197,7.212205270457697
/home,mobile,google / organic,491,16,77.74683769652668,3.2586558044806515
/product,tablet,google / organic,662,8,37.090429662648056,1.2084592145015105
/home,mobile,facebook / cpc,269,9,23.08872507499936,3.3457249070631967
/home,desktop,direct / none,687,37,28.693692325473386,5.385735080058224
/about,tablet,email / newsletter,488,15,65.69717691972306,3.0737704918032787
/contact,mobile,email / newsletter,886,59,57.938349835614765,6.659142212189615
/cart,tablet,email / newsletter,193,7,70.11814973535428,3.6269430051813467
/about,desktop,direct / none,709,21,39.557534312113084,2.9619181946403383
/product,tablet,direct / none,196,3,40.91995923750376,1.530612244897959
/home,desktop,email / newsletter,689,58,51.0650810316488,8.417997097242381
/cart,desktop,google / organic,995,88,75.48161709671376,8.84422110552764
/cart,tablet,email / newsletter,193,11,69.03333201207295,5.699481865284974
/checkout,desktop,facebook / cpc,946,85,25.586166068353954,8.985200845665963
/blog,tablet,direct / none,58,4,36.73228115553091,6.896551724137931
/cart,mobile,email / newsletter,722,12,58.52189876925726,1.662049861495845
/checkout,mobile,email / newsletter,901,39,54.84119728618728,4.328523862375139
/home,tablet,google / organic,910,34,37.03525848424794,3.7362637362637363
/product,mobile,direct / none,769,19,79.66744775664924,2.4707412223667102
/checkout,desktop,facebook / cpc,326,14,30.729362553279728,4.294478527607362
/contact,tablet,google / organic,689,12,54.098516200128294,1.741654571843251
/cart,mobile,direct / none,71,6,34.63937860274501,8.450704225352112
/blog,tablet,facebook / cpc,825,67,57.86831755983577,8.121212121212121
/about,desktop,email / newsletter,928,25,49.55106162913184,2.693965517241379
/blog,tablet,email / newsletter,596,8,66.11324085837853,1.342281879194631
/checkout,mobile,google / organic,95,4,74.89186341322691,4.2105263157894735
/home,desktop,email / newsletter,398,38,45.69104889903886,9.547738693467336
/cart,desktop,email / newsletter,240,6,38.34182115723091,2.5
/home,tablet,email / newsletter,67,6,53.40807574750101,8.955223880597014
/product,tablet,email / newsletter,735,48,25.830589626246113,6.530612244897959
/about,tablet,facebook / cpc,688,61,51.0997791418242,8.866279069767442
/home,desktop,google / organic,860,51,62.53465981460712,5.930232558139535
/product,tablet,facebook / cpc,916,59,35.37241661566748,6.441048034934497
/checkout,mobile,direct / none,874,24,57.67366489691816,2.745995423340961
/about,mobile,email / newsletter,932,40,40.27970941109215,4.291845493562231
/product,tablet,direct / none,903,21,39.68916004848391,2.3255813953488373
/about,desktop,facebook / cpc,363,11,71.62427709870052,3.0303030303030303
/product,mobile,direct / none,103,4,52.22494563179933,3.8834951456310676
/blog,desktop,direct / none,245,6,70.52138450071888,2.4489795918367347
/about,tablet,direct / none,872,19,28.30118554506808,2.1788990825688073
/product,mobile,facebook / cpc,708,24,67.71117168612221,3.389830508474576
/checkout,mobile,direct / none,395,38,21.52104460492745,9.620253164556962
/contact,tablet,google / organic,957,24,44.53717666485619,2.507836990595611
/home,tablet,facebook / cpc,145,10,52.95359988236723,6.896551724137931
/blog,desktop,google / organic,321,22,51.001775445594,6.853582554517133
/blog,mobile,google / organic,296,18,22.862967661498928,6.081081081081082
/cart,desktop,facebook / cpc,746,13,40.512780002984094,1.742627345844504
/contact,desktop,facebook / cpc,799,20,78.77063171729051,2.5031289111389237
/product,mobile,email / newsletter,390,9,48.408306246833945,2.307692307692308
/about,desktop,direct / none,811,54,56.951005883132986,6.658446362515413
/product,tablet,facebook / cpc,811,44,76.00617848476898,5.425400739827373
/blog,desktop,email / newsletter,65,4,24.234124844025793,6.153846153846154
/home,tablet,email / newsletter,713,43,60.6301005429789,6.03085553997195
/home,desktop,google / organic,740,49,69.23836854463732,6.621621621621622
/home,desktop,email / newsletter,891,30,32.40106159260472,3.3670033670033668
/checkout,tablet,facebook / cpc,947,62,22.337787938614017,6.546990496304119
/contact,desktop,facebook / cpc,825,58,43.1237972579339,7.030303030303029
/about,mobile,direct / none,666,48,49.76224725760437,7.207207207207207
/product,desktop,direct / none,462,21,22.351179600538774,4.545454545454546
/blog,desktop,email / newsletter,443,27,45.40825653848711,6.094808126410835
/cart,desktop,direct / none,597,47,42.32108514756699,7.872696817420436
/contact,mobile,email / newsletter,86,6,34.31581158742041,6.976744186046512
/contact,desktop,direct / none,922,53,42.66373317057769,5.748373101952278
/checkout,desktop,facebook / cpc,446,20,73.73139370977202,4.484304932735426
/checkout,desktop,google / organic,964,37,25.477200607168015,3.8381742738589213
/about,tablet,email / newsletter,613,40,54.40627328739717,6.525285481239804
/blog,desktop,direct / none,445,31,39.71987272219496,6.96629213483146
/checkout,desktop,direct / none,193,3,67.37708856767324,1.5544041450777202
/product,mobile,direct / none,447,22,52.97173293942413,4.921700223713646
/contact,desktop,direct / none,892,20,27.02402098565635,2.242152466367713
/product,mobile,email / newsletter,962,16,26.067360567367416,1.6632016632016633
/blog,mobile,google / organic,995,23,73.5138145266066,2.3115577889447234
/blog,desktop,facebook / cpc,388,34,54.87832503360694,8.762886597938143
/about,desktop,direct / none,376,29,79.16006382937226,7.712765957446808
/about,tablet,direct / none,494,36,42.67925540733527,7.28744939271255
/product,mobile,direct / none,88,2,46.067110669296284,2.272727272727273
/product,mobile,facebook / cpc,709,14,27.129074976084315,1.9746121297602257
/home,tablet,google / organic,436,42,55.00212590582958,9.63302752293578
/contact,desktop,google / organic,873,43,51.70220727783255,4.925544100801833
/product,desktop,email / newsletter,222,20,22.589594717034565,9.00900900900901
/about,desktop,direct / none,813,48,24.427793884123933,5.904059040590406
/checkout,desktop,facebook / cpc,96,6,57.763918288115754,6.25
/contact,desktop,google / organic,615,56,55.058858715386016,9.105691056910569
/home,tablet,email / newsletter,379,34,77.02468904459352,8.970976253298153
/checkout,desktop,email / newsletter,171,8,31.28726958342568,4.678362573099415
/product,mobile,email / newsletter,781,26,41.620705712316095,3.329065300896287
/cart,mobile,direct / none,194,9,36.78581043013674,4.639175257731959
/blog,desktop,google / organic,607,57,24.57202277594979,9.390444810543658
/cart,desktop,direct / none,970,91,45.09458217743713,9.381443298969073
/product,tablet,google / organic,54,2,21.58201846983512,3.7037037037037033
/home,mobile,email / newsletter,288,18,29.02501346621169,6.25
/contact,desktop,facebook / cpc,876,74,70.52713538814251,8.447488584474886
/product,desktop,direct / none,560,8,36.40442431584238,1.4285714285714286
/about,desktop,google / organic,912,84,64.99464496819832,9.210526315789473
/contact,desktop,google / organic,726,31,65.42487212254736,4.2699724517906334
/blog,mobile,google / organic,927,32,35.08654637070791,3.4519956850053934
/checkout,mobile,google / organic,930,13,65.41994793033372,1.3978494623655915
/contact,tablet,facebook / cpc,299,23,51.2184620542276,7.6923076923076925
/cart,mobile,email / newsletter,103,1,78.07842592638939,0.9708737864077669
/cart,desktop,google / organic,673,32,48.80275802110851,4.75482912332838
/blog,desktop,facebook / cpc,627,57,68.30268005116172,9.090909090909092
/checkout,mobile,facebook / cpc,355,16,55.395061211277984,4.507042253521127
/cart,tablet,direct / none,357,18,52.846778413946694,5.042016806722689
/contact,mobile,direct / none,155,14,71.74182252480472,9.032258064516128
/checkout,mobile,email / newsletter,450,14,49.52697758477229,3.111111111111111
/blog,mobile,facebook / cpc,102,2,40.844804493524855,1.9607843137254901
/cart,tablet,direct / none,160,3,27.732783314638954,1.875
/contact,tablet,facebook / cpc,961,25,58.452484688192875,2.6014568158168574
/home,tablet,email / newsletter,244,23,50.91416329185265,9.426229508196721
/blog,mobile,direct / none,452,18,69.30743821066696,3.982300884955752
/product,desktop,facebook / cpc,454,26,52.922918552444514,5.726872246696035
/checkout,mobile,facebook / cpc,595,23,27.724903897978635,3.865546218487395
/cart,desktop,facebook / cpc,298,21,48.86872364337759,7.046979865771812
/about,tablet,direct / none,97,3,23.664677591291824,3.0927835051546393
/home,desktop,direct / none,302,17,79.1754197520089,5.629139072847682
/about,mobile,facebook / cpc,77,3,42.134818374186345,3.896103896103896
/blog,mobile,facebook / cpc,748,55,35.146216660641244,7.352941176470589
/contact,tablet,facebook / cpc,412,8,51.92680911591894,1.9417475728155338
/product,mobile,direct / none,932,31,34.54823021808378,3.3261802575107295
/blog,mobile,direct / none,322,12,32.68688041979268,3.7267080745341614
/checkout,desktop,google / organic,574,40,55.61554721324292,6.968641114982578
/cart,desktop,google / organic,195,11,25.215217285245423,5.641025641025641
/product,tablet,email / newsletter,985,21,45.89957277378076,2.131979695431472
/home,desktop,facebook / cpc,741,45,58.755034479896075,6.0728744939271255
/cart,desktop,facebook / cpc,790,8,76.02150942559248,1.0126582278481013
/blog,mobile,facebook / cpc,552,47,49.26858804852428,8.51449275362319
/about,mobile,facebook / cpc,656,56,23.33920936141852,8.536585365853659
/cart,tablet,direct / none,89,8,61.817687741985296,8.98876404494382
/about,mobile,email / newsletter,781,8,75.0437367851319,1.0243277848911652
/about,desktop,facebook / cpc,553,46,63.37376579730654,8.318264014466546
/product,tablet,direct / none,441,37,48.597169047584714,8.390022675736962
/blog,mobile,facebook / cpc,167,4,62.657148730204895,2.3952095808383236
/checkout,desktop,email / newsletter,608,48,62.43380573866667,7.894736842105263
/about,desktop,facebook / cpc,188,7,75.92086053541604,3.723404255319149
/cart,desktop,facebook / cpc,739,43,47.25607833314598,5.818673883626523
/product,mobile,google / organic,217,7,68.5924667512781,3.225806451612903
/blog,desktop,google / organic,826,43,55.738324436470656,5.205811138014528
/contact,tablet,facebook / cpc,144,12,75.77174865486955,8.333333333333332
/checkout,mobile,facebook / cpc,934,88,63.85204851221866,9.421841541755889
/checkout,tablet,direct / none,562,34,64.46723895740354,6.049822064056939
/blog,tablet,google / organic,278,6,32.09763920286467,2.158273381294964
/blog,desktop,google / organic,900,51,59.91183324177201,5.666666666666666
/checkout,desktop,google / organic,91,7,43.546706445358126,7.6923076923076925
/contact,mobile,email / newsletter,740,43,57.44609265091026,5.810810810810811
/contact,tablet,google / organic,714,32,41.321747109103754,4.481792717086835
/product,mobile,google / organic,665,39,33.74152345548778,5.864661654135339
/about,mobile,direct / none,440,31,63.832948208558086,7.045454545454545
/checkout,tablet,direct / none,718,55,49.72541758423794,7.66016713091922
/cart,desktop,facebook / cpc,490,15,38.70332406773289,3.061224489795918
/contact,desktop,facebook / cpc,245,19,54.19338109227899,7.755102040816326
/cart,mobile,google / organic,167,3,69.27543828032077,1.7964071856287425
/checkout,desktop,email / newsletter,997,81,43.837237433622036,8.124373119358076
/blog,desktop,direct / none,373,27,63.335154103583974,7.238605898123325
/contact,tablet,direct / none,981,32,52.56346660085577,3.2619775739041796
/blog,tablet,facebook / cpc,891,27,40.55145543071261,3.0303030303030303
/contact,tablet,facebook / cpc,351,32,56.89701578915927,9.116809116809117
/about,mobile,google / organic,672,42,63.565735163744044,6.25
/checkout,desktop,email / newsletter,854,20,62.43431805880392,2.3419203747072603
/checkout,tablet,facebook / cpc,954,72,45.44784027814316,7.547169811320755
/home,mobile,direct / none,456,14,27.368646910744026,3.070175438596491
/product,mobile,email / newsletter,231,9,70.24944734014952,3.896103896103896
/about,tablet,direct / none,985,43,56.47366362765552,4.365482233502538
/blog,desktop,facebook / cpc,485,31,67.26739332286954,6.391752577319587
/cart,tablet,email / newsletter,586,54,71.81108843677742,9.215017064846416
/contact,mobile,direct / none,467,29,75.10728349635806,6.209850107066381
/cart,tablet,direct / none,231,12,30.5832191903734,5.194805194805195
/about,desktop,email / newsletter,210,13,41.74363394699799,6.190476190476191
/about,mobile,email / newsletter,931,24,59.812242321002635,2.577873254564984
/checkout,desktop,google / organic,197,3,44.87744742362142,1.5228426395939088
/blog,desktop,direct / none,818,37,38.596215576116656,4.52322738386308
/cart,tablet,email / newsletter,772,40,40.96321994295998,5.181347150259067
/home,desktop,google / organic,335,21,70.19388879753998,6.26865671641791
/home,mobile,direct / none,224,13,51.65886380868715,5.803571428571429
/home,mobile,facebook / cpc,727,14,65.92137686397444,1.925722145804677
/blog,tablet,direct / none,692,23,42.398558976785175,3.3236994219653178
/about,mobile,email / newsletter,136,11,78.73588613695767,8.088235294117647
/contact,desktop,email / newsletter,882,28,53.10335571556038,3.1746031746031744
/contact,tablet,direct / none,377,30,26.24651491907443,7.957559681697612
/cart,tablet,google / organic,653,12,34.29096686280359,1.8376722817764166
/about,mobile,direct / none,961,67,43.83101177710729,6.971904266389179
/blog,mobile,direct / none,872,9,73.78014911126718,1.0321100917431194
/contact,desktop,direct / none,134,3,21.591932232429183,2.2388059701492535
/checkout,desktop,email / newsletter,131,10,73.56030266461849,7.633587786259542
/checkout,tablet,facebook / cpc,435,5,41.78355273170543,1.1494252873563218
/checkout,desktop,google / organic,983,41,66.43007139208041,4.170905391658189
/blog,tablet,email / newsletter,555,12,65.81634764958565,2.1621621621621623
/product,mobile,email / newsletter,108,8,73.67313361364549,7.4074074074074066
/home,mobile,direct / none,258,15,36.12064156309677,5.813953488372093
/blog,desktop,direct / none,250,21,28.36136444436945,8.4
/checkout,mobile,facebook / cpc,78,2,30.30075715089821,2.564102564102564
/cart,mobile,facebook / cpc,177,10,27.065064973408468,5.649717514124294
/about,mobile,google / organic,726,61,59.08522330111185,8.402203856749312
/contact,desktop,facebook / cpc,391,35,28.213137804128436,8.951406649616368
/about,tablet,email / newsletter,659,46,56.0310116260192,6.980273141122914
/contact,mobile,google / organic,450,20,45.12623149352439,4.444444444444445
/product,mobile,email / newsletter,179,13,29.977002125364763,7.262569832402235
/cart,desktop,email / newsletter,420,18,34.72094658087926,4.285714285714286
/cart,desktop,direct / none,856,81,56.62428002047746,9.462616822429906
/contact,tablet,email / newsletter,807,43,28.100076645272416,5.328376703841388
/product,tablet,email / newsletter,516,7,55.70467584201529,1.3565891472868217
/about,tablet,google / organic,531,27,57.399953054299445,5.084745762711865
/home,desktop,email / newsletter,66,4,44.76761303640514,6.0606060606060606
/product,desktop,direct / none,852,69,69.14613906045199,8.098591549295776
/checkout,tablet,facebook / cpc,151,6,55.41384001214523,3.9735099337748347
/checkout,tablet,direct / none,866,82,28.209117855137684,9.468822170900692
/contact,desktop,direct / none,61,5,52.514056842701486,8.19672131147541
/contact,desktop,google / organic,776,52,63.44619975638832,6.701030927835052
/home,mobile,google / organic,317,31,33.27256650917613,9.779179810725552
/blog,mobile,direct / none,337,31,62.33451035094131,9.198813056379821
/contact,mobile,google / organic,135,1,74.92929785528251,0.7407407407407408
/blog,tablet,google / organic,932,90,75.46377172259182,9.656652360515022
/contact,desktop,facebook / cpc,272,23,71.72255905935882,8.455882352941178
/product,tablet,facebook / cpc,664,42,22.220458082929557,6.325301204819277
/cart,desktop,facebook / cpc,180,7,61.777326552688386,3.888888888888889
/contact,tablet,email / newsletter,88,5,38.91742026983662,5.681818181818182
/blog,mobile,google / organic,446,40,57.55348258622055,8.968609865470851
/product,mobile,facebook / cpc,360,35,47.71657103453526,9.722222222222223
/cart,tablet,google / organic,190,17,43.03783339518354,8.947368421052632
/cart,tablet,facebook / cpc,78,3,66.0312973358676,3.8461538461538463
/blog,desktop,email / newsletter,489,22,36.301218264140246,4.4989775051124745
/about,desktop,direct / none,408,30,51.35115149807139,7.352941176470589
/home,tablet,google / organic,191,16,37.82017258729293,8.37696335078534
/product,mobile,google / organic,714,65,36.63593874180641,9.103641456582633
/contact,desktop,direct / none,866,18,43.497808432421365,2.0785219399538106
/cart,mobile,google / organic,110,6,35.53895909610882,5.454545454545454
/contact,tablet,facebook / cpc,393,25,48.044090674992184,6.361323155216285
/home,tablet,email / newsletter,821,77,33.90030208300661,9.378806333739343
/contact,mobile,google / organic,292,8,50.76131066099052,2.73972602739726
/product,desktop,facebook / cpc,986,79,31.18629572865527,8.012170385395539
/about,desktop,google / organic,103,9,78.14615780844868,8.737864077669903
/cart,mobile,google / organic,622,35,35.61400207709164,5.627009646302251
/product,mobile,google / organic,265,13,73.84616888277223,4.905660377358491
/blog,desktop,direct / none,138,8,55.576396090502186,5.797101449275362
/product,tablet,google / organic,372,19,36.377562491378896,5.10752688172043
/cart,desktop,facebook / cpc,381,15,22.125342105112704,3.937007874015748
/home,desktop,direct / none,275,11,44.50719278424192,4.0
/cart,desktop,email / newsletter,651,62,51.95615116404572,9.523809523809524
/blog,desktop,google / organic,642,57,23.691021574354103,8.878504672897195
/about,desktop,direct / none,747,51,54.27913651517444,6.827309236947792
/cart,desktop,google / organic,338,27,72.71779918130949,7.988165680473373
/checkout,desktop,direct / none,620,24,29.624006319804327,3.870967741935484
/blog,desktop,google / organic,219,15,26.35004562971504,6.8493150684931505
/checkout,tablet,google / organic,796,41,77.67891729109445,5.150753768844221
/contact,tablet,facebook / cpc,443,13,69.19681504448602,2.9345372460496613
/contact,tablet,facebook / cpc,405,31,53.37090410238542,7.654320987654321
/checkout,tablet,facebook / cpc,273,10,25.04589346807908,3.6630036630036633
/home,desktop,email / newsletter,272,2,42.60172171920793,0.7352941176470588
/blog,tablet,email / newsletter,375,4,37.0005768959349,1.0666666666666667
/home,mobile,direct / none,461,43,57.95731358803689,9.327548806941431
/blog,mobile,email / newsletter,965,15,61.273143338048804,1.5544041450777202
/cart,desktop,email / newsletter,967,50,62.51432027615776,5.170630816959669
/about,mobile,email / newsletter,259,25,72.29220836914257,9.652509652509652
/blog,tablet,direct / none,997,12,65.49579175574135,1.2036108324974923
/cart,desktop,facebook / cpc,928,73,49.318591424279944,7.866379310344827
/product,tablet,facebook / cpc,531,52,36.41759997689995,9.792843691148775
/home,tablet,google / organic,538,43,29.817429271500153,7.992565055762081
/blog,tablet,email / newsletter,849,60,24.942862736950563,7.06713780918728
/about,tablet,direct / none,756,17,77.05181373502462,2.2486772486772484
/checkout,desktop,google / organic,352,23,45.18363901556734,6.534090909090909
/about,tablet,google / organic,502,23,79.0386588775897,4.581673306772909
/checkout,mobile,direct / none,211,2,32.786282241505,0.9478672985781991
/home,mobile,direct / none,541,52,48.392594401493426,9.611829944547134
/about,desktop,google / organic,654,51,66.59581116750451,7.79816513761468
/about,mobile,email / newsletter,248,5,57.573219297884926,2.0161290322580645
/blog,mobile,direct / none,965,51,67.79223745857058,5.284974093264249
/about,tablet,google / organic,943,45,61.13391723373828,4.7720042417815485
/about,desktop,email / newsletter,880,34,59.09116800813588,3.8636363636363633
/product,tablet,email / newsletter,766,39,28.974838560053946,5.091383812010443
/about,mobile,facebook / cpc,544,19,56.001232887158224,3.4926470588235294
/blog,desktop,google / organic,151,11,74.4691191790784,7.28476821192053
/cart,desktop,google / organic,637,14,79.19975559602878,2.197802197802198
/about,mobile,email / newsletter,709,56,40.76099405869037,7.898448519040903
/product,desktop,facebook / cpc,274,11,25.27198994869,4.014598540145985
/home,desktop,email / newsletter,715,15,43.815396572095764,2.097902097902098
/contact,mobile,facebook / cpc,171,4,68.03520194654497,2.3391812865497075
/contact,desktop,email / newsletter,366,4,62.388543589214066,1.092896174863388
/about,desktop,direct / none,272,20,52.47778011806423,7.352941176470589
/product,mobile,email / newsletter,367,19,56.73547915286948,5.177111716621254
/cart,mobile,facebook / cpc,71,4,47.13909707109801,5.633802816901409
/home,mobile,facebook / cpc,61,1,34.82619404060878,1.639344262295082
/blog,tablet,facebook / cpc,196,7,78.55191534914788,3.571428571428571
/blog,tablet,google / organic,744,18,22.619699462441673,2.4193548387096775
/about,mobile,direct / none,711,41,39.93887752130654,5.766526019690577
/cart,tablet,email / newsletter,763,22,44.19568166742991,2.8833551769331587
/about,tablet,direct / none,402,10,70.42714437661601,2.4875621890547266
/blog,tablet,facebook / cpc,73,3,45.52960006688452,4.10958904109589
/checkout,mobile,email / newsletter,201,11,52.5980314017973,5.472636815920398
/home,mobile,google / organic,915,81,49.200136485482176,8.852459016393443
/product,mobile,direct / none,987,35,79.52799898044034,3.546099290780142
/blog,tablet,google / organic,579,43,57.89361320555123,7.4265975820379975
/cart,mobile,email / newsletter,149,3,74.54195123993847,2.013422818791946
/checkout,mobile,facebook / cpc,51,4,30.858617162569388,7.8431372549019605
/blog,desktop,facebook / cpc,551,27,72.24499407635068,4.900181488203267
/contact,desktop,email / newsletter,179,12,25.715690477277576,6.70391061452514
/home,desktop,email / newsletter,115,1,71.47917523536235,0.8695652173913043
/home,desktop,direct / none,352,31,34.08044229569306,8.806818181818182
/about,mobile,email / newsletter,654,55,40.22019058587718,8.409785932721713
/home,desktop,email / newsletter,825,60,57.0286991962418,7.2727272727272725
/about,desktop,direct / none,982,56,41.4039231824001,5.7026476578411405
/home,desktop,email / newsletter,605,53,46.782118790755135,8.760330578512397
/about,tablet,google / organic,965,14,36.18497669101937,1.450777202072539
/contact,desktop,email / newsletter,331,6,22.36061244011058,1.812688821752266
/about,desktop,google / organic,108,6,38.96936629860503,5.555555555555555
/about,mobile,email / newsletter,742,53,48.793824895524395,7.142857142857142
/about,mobile,google / organic,355,22,78.38586488422078,6.197183098591549
/contact,tablet,facebook / cpc,968,21,60.01185545276626,2.169421487603306
/about,desktop,email / newsletter,385,29,76.3891875156105,7.532467532467532
/product,desktop,google / organic,825,25,29.36983068753044,3.0303030303030303
/contact,mobile,direct / none,851,83,59.69794102226881,9.753231492361927
/cart,mobile,facebook / cpc,163,13,34.64883742534246,7.975460122699387
/contact,desktop,email / newsletter,889,82,67.7306223017842,9.223847019122609
/home,tablet,direct / none,703,48,43.63186433924951,6.827880512091039
/product,mobile,email / newsletter,753,73,22.89272233163336,9.694555112881806
/home,desktop,email / newsletter,830,50,66.94312904349641,6.024096385542169
/home,tablet,email / newsletter,659,25,44.24841929906198,3.793626707132018
/about,tablet,facebook / cpc,531,43,65.73710808659695,8.097928436911488
/cart,desktop,direct / none,690,40,27.212543322236506,5.797101449275362
/home,desktop,direct / none,114,5,41.98769209228387,4.385964912280701
/blog,tablet,email / newsletter,654,20,46.921617357351835,3.058103975535168
/home,tablet,email / newsletter,151,9,24.39175542610662,5.960264900662252
/about,mobile,facebook / cpc,991,58,50.02671854784449,5.852674066599395
/product,mobile,email / newsletter,678,13,68.82597729917518,1.9174041297935103
/blog,mobile,email / newsletter,342,18,34.7641795278799,5.263157894736842
/cart,tablet,facebook / cpc,863,82,63.08738457358967,9.501738122827346
/blog,desktop,direct / none,668,45,20.453772498688526,6.736526946107785
/checkout,tablet,google / organic,853,13,75.6220726877784,1.5240328253223916
/blog,desktop,facebook / cpc,836,44,26.085249706952993,5.263157894736842
/blog,mobile,direct / none,718,42,68.1815538699598,5.8495821727019495
/product,mobile,facebook / cpc,51,2,36.35744004401202,3.9215686274509802
/home,mobile,direct / none,312,8,60.86707123789897,2.564102564102564
/blog,tablet,direct / none,361,9,67.60443548887024,2.4930747922437675
/checkout,mobile,direct / none,871,12,53.01359252937571,1.377726750861079
/product,tablet,direct / none,190,15,56.09670920877987,7.894736842105263
/about,desktop,facebook / cpc,570,14,58.79635480537161,2.456140350877193
/home,desktop,facebook / cpc,633,38,66.19668201510073,6.003159557661927
/cart,desktop,email / newsletter,99,8,63.917484055138075,8.080808080808081
/contact,mobile,google / organic,195,4,65.99936811202436,2.051282051282051
/contact,mobile,google / organic,736,64,34.114135088119085,8.695652173913043
/home,tablet,google / organic,711,48,21.418315162780182,6.751054852320674
/checkout,tablet,email / newsletter,572,25,33.916825766958524,4.370629370629371
/blog,desktop,facebook / cpc,970,21,79.26713121289325,2.1649484536082473
/blog,mobile,direct / none,603,44,45.69197689553688,7.2968490878938645
/home,tablet,direct / none,329,6,27.703657367247516,1.82370820668693
/product,mobile,facebook / cpc,337,5,36.44963999358835,1.483679525222552
/blog,desktop,email / newsletter,948,40,44.071274842338966,4.219409282700422
/about,desktop,direct / none,757,64,46.544596188840174,8.45442536327609
/checkout,desktop,email / newsletter,588,20,58.410093429689965,3.4013605442176873
/product,tablet,facebook / cpc,861,34,39.460025186922536,3.948896631823461
/about,mobile,direct / none,221,13,59.710351390962714,5.88235294117647
/product,tablet,facebook / cpc,165,10,23.608540556047114,6.0606060606060606
/checkout,desktop,google / organic,526,14,61.400293449239946,2.6615969581749046
/product,mobile,facebook / cpc,682,6,69.30838663406522,0.8797653958944283
/checkout,tablet,email / newsletter,591,27,34.078524911327214,4.568527918781726
/about,desktop,email / newsletter,921,29,66.1159882873105,3.1487513572204127
/about,desktop,email / newsletter,455,35,25.347465926960997,7.6923076923076925
/home,desktop,email / newsletter,509,37,66.92168526022316,7.269155206286837
/about,desktop,direct / none,163,7,40.500470113815254,4.294478527607362
/product,tablet,google / organic,498,22,38.33145863948141,4.417670682730924
/contact,mobile,email / newsletter,515,47,50.94076566178987,9.12621359223301
/cart,tablet,facebook / cpc,365,10,71.08549746470575,2.73972602739726
/contact,desktop,facebook / cpc,727,32,69.04698250947149,4.401650618982118
/product,mobile,facebook / cpc,183,5,28.476682956530347,2.73224043715847
/about,desktop,direct / none,454,10,21.373629498567215,2.2026431718061676
/cart,mobile,facebook / cpc,837,78,54.382485735850956,9.31899641577061
/product,desktop,google / organic,871,56,38.823661471645764,6.42939150401837
/home,mobile,email / newsletter,871,33,69.75994430847703,3.788748564867968
/cart,desktop,facebook / cpc,74,1,59.978413150102384,1.3513513513513513
/blog,mobile,email / newsletter,586,10,33.95308150192281,1.7064846416382253
/checkout,desktop,direct / none,895,31,72.56631155588255,3.4636871508379885
/contact,mobile,email / newsletter,910,58,21.061268576795435,6.373626373626373
/contact,tablet,direct / none,566,29,66.84569516410639,5.123674911660777
/product,mobile,direct / none,739,53,23.466833659781997,7.171853856562922
/home,tablet,direct / none,954,19,28.53496212123177,1.9916142557651992
/about,mobile,direct / none,312,4,61.52968050164792,1.282051282051282
/checkout,tablet,email / newsletter,834,24,33.95873231376086,2.877697841726619
/blog,mobile,direct / none,739,66,27.842622604411968,8.930987821380242
/about,desktop,direct / none,568,30,51.5302773181184,5.28169014084507
/contact,desktop,google / organic,647,20,77.82933652894107,3.091190108191654
/about,tablet,google / organic,295,18,67.42026415160888,6.101694915254238
/contact,mobile,email / newsletter,472,18,57.13689158046329,3.8135593220338984
/product,mobile,google / organic,262,4,31.931376666517757,1.5267175572519083
/checkout,desktop,direct / none,546,27,52.87756933842158,4.945054945054945
/checkout,tablet,google / organic,843,74,27.631985761246973,8.778173190984578
/checkout,mobile,email / newsletter,276,12,42.553297108746165,4.3478260869565215
/about,mobile,google / organic,603,57,73.52508133641406,9.45273631840796
/home,desktop,google / organic,178,3,68.53300769817969,1.6853932584269662
/home,mobile,facebook / cpc,875,70,35.18350596804707,8.0
/checkout,tablet,direct / none,851,42,43.18093459089893,4.935370152761457
/home,tablet,google / organic,904,21,51.104481316712246,2.3230088495575223
/checkout,desktop,direct / none,150,2,22.869849223646327,1.3333333333333335
/contact,tablet,google / organic,670,13,68.12783348765525,1.9402985074626864
/home,desktop,email / newsletter,326,16,43.25571388896617,4.9079754601226995
/checkout,tablet,email / newsletter,448,36,76.53892338039157,8.035714285714286
/cart,tablet,facebook / cpc,310,26,52.97696262313547,8.38709677419355
/product,mobile,direct / none,417,15,78.07160209070183,3.597122302158273
/home,desktop,facebook / cpc,512,10,32.341235731733306,1.953125
/about,mobile,google / organic,218,11,77.58959108455574,5.045871559633028
/contact,mobile,facebook / cpc,198,10,27.51401422596963,5.05050505050505
/product,mobile,google / organic,742,42,75.21783087316447,5.660377358490567
/checkout,mobile,direct / none,571,53,40.296050359669906,9.281961471103326
/contact,desktop,google / organic,537,26,45.92461297665176,4.8417132216014895
/home,mobile,facebook / cpc,463,32,75.69905197091461,6.911447084233262
/cart,mobile,google / organic,937,65,79.54492402936822,6.937033084311634
/about,tablet,direct / none,546,32,35.50589721750909,5.86080586080586
/blog,desktop,facebook / cpc,710,54,78.70383672803575,7.605633802816901
/about,tablet,direct / none,285,11,23.23149241988157,3.8596491228070176
/about,tablet,google / organic,583,44,52.373373229730305,7.547169811320755
/product,desktop,google / organic,512,49,25.512253262602684,9.5703125
/contact,tablet,direct / none,137,6,40.543018162012785,4.37956204379562
/blog,desktop,google / organic,745,14,56.71643032023986,1.8791946308724832
/contact,desktop,facebook / cpc,856,76,54.630366997253006,8.878504672897195
/blog,tablet,email / newsletter,411,34,53.48253950893802,8.27250608272506
/checkout,desktop,direct / none,498,13,36.67412583493207,2.610441767068273
/product,mobile,direct / none,522,39,53.30509695813718,7.471264367816093
/contact,tablet,direct / none,115,9,41.323074121144366,7.82608695652174
/checkout,mobile,facebook / cpc,651,55,70.39783881693096,8.448540706605224
/about,mobile,google / organic,467,33,65.5205834066603,7.066381156316917
/cart,tablet,direct / none,119,11,72.59904570969204,9.243697478991598
/checkout,tablet,google / organic,181,16,63.32425629216422,8.83977900552486
/cart,mobile,google / organic,791,57,44.75731045091742,7.206068268015171
/blog,mobile,facebook / cpc,991,80,41.329580626481444,8.072653884964682
/checkout,desktop,direct / none,632,42,48.858373393167426,6.645569620253164
/blog,mobile,direct / none,549,35,53.639605664970254,6.375227686703097
/product,mobile,facebook / cpc,964,81,36.18924320769286,8.402489626556017
/home,tablet,facebook / cpc,260,10,23.513055754638753,3.8461538461538463
/about,mobile,facebook / cpc,166,9,67.31689788034438,5.421686746987952
/blog,mobile,direct / none,162,2,46.04116197043251,1.2345679012345678
/checkout,desktop,direct / none,525,52,64.1397868543514,9.904761904761905
/checkout,mobile,google / organic,210,14,45.27488319764432,6.666666666666667
/contact,tablet,direct / none,759,58,79.46758590927823,7.64163372859025
/contact,desktop,facebook / cpc,449,27,32.176182054494134,6.013363028953229
/product,mobile,direct / none,668,56,21.451505833481313,8.383233532934131
/blog,mobile,google / organic,926,13,66.95491639108027,1.4038876889848813
/cart,mobile,facebook / cpc,630,16,70.51601400750852,2.5396825396825395
/home,desktop,facebook / cpc,753,16,48.97813232512131,2.1248339973439574
/checkout,mobile,direct / none,344,16,49.787669141317984,4.651162790697675
/home,mobile,google / organic,231,5,33.513422136109384,2.1645021645021645
/home,tablet,email / newsletter,713,7,48.3236260518199,0.9817671809256662
/checkout,mobile,facebook / cpc,391,12,35.70234102415436,3.0690537084398977
/checkout,mobile,email / newsletter,955,74,36.316983567717855,7.74869109947644
/product,desktop,google / organic,631,33,23.921969453863113,5.229793977812995
/cart,mobile,facebook / cpc,924,53,28.35472226705571,5.735930735930736
/home,tablet,direct / none,119,1,73.99000074123634,0.8403361344537815
/cart,tablet,email / newsletter,248,20,43.60687079381549,8.064516129032258
/about,desktop,google / organic,363,8,78.77305042290541,2.203856749311295
/contact,mobile,google / organic,354,34,47.83594920130017,9.6045197740113
/checkout,desktop,google / organic,474,35,21.322109617850252,7.383966244725738
/contact,mobile,google / organic,376,22,61.02524633462255,5.851063829787234
/blog,desktop,facebook / cpc,77,1,63.36885819250902,1.2987012987012987
/about,desktop,google / organic,659,33,24.903520744806695,5.007587253414264
/home,mobile,google / organic,566,48,76.74188882001694,8.480565371024735
/product,mobile,facebook / cpc,193,13,44.70593249507051,6.7357512953367875
/about,tablet,email / newsletter,343,17,68.38421703397037,4.956268221574344
/cart,tablet,google / organic,81,2,35.51725009328233,2.4691358024691357
/contact,mobile,email / newsletter,263,5,21.07674071410951,1.9011406844106464
/contact,mobile,email / newsletter,653,62,35.32960067933628,9.494640122511486
/product,mobile,google / organic,496,9,53.15081688696351,1.8145161290322582
/cart,desktop,facebook / cpc,276,19,26.328421997397836,6.884057971014493
/home,tablet,facebook / cpc,476,46,66.53671105551965,9.663865546218489
/checkout,mobile,email / newsletter,969,75,41.40025844850588,7.739938080495357
/blog,desktop,email / newsletter,616,17,58.56047946034542,2.75974025974026
/about,mobile,facebook / cpc,877,71,61.75394709012815,8.095781071835804
/contact,tablet,google / organic,308,7,73.83118045787714,2.272727272727273
/about,desktop,email / newsletter,178,7,22.003016107182873,3.932584269662921
/checkout,tablet,google / organic,309,30,67.91559634296507,9.70873786407767
/cart,desktop,email / newsletter,956,92,50.31240641459829,9.623430962343097
/contact,desktop,direct / none,582,22,63.51113288164345,3.7800687285223367
/checkout,mobile,facebook / cpc,784,17,59.36804108123484,2.1683673469387754
/blog,desktop,direct / none,402,33,21.761849546143537,8.208955223880597
/product,mobile,facebook / cpc,694,27,78.4074433985704,3.890489913544669
/home,mobile,facebook / cpc,695,26,62.61456791739869,3.741007194244604
/cart,mobile,direct / none,413,17,47.55591183039283,4.116222760290557
/product,mobile,direct / none,637,16,40.11248284225236,2.511773940345369
/blog,mobile,facebook / cpc,466,10,34.39244676535668,2.1459227467811157
/home,tablet,direct / none,387,26,64.92958021779839,6.718346253229974
/about,desktop,google / organic,669,65,48.27723004388987,9.715994020926756
/cart,desktop,email / newsletter,942,36,60.57065372452604,3.821656050955414
/checkout,tablet,direct / none,503,15,71.34423553434718,2.982107355864811
/contact,tablet,email / newsletter,240,21,40.4228055600005,8.75
/contact,mobile,direct / none,240,18,24.110324397618776,7.5
/blog,mobile,email / newsletter,703,21,74.21647066080772,2.987197724039829
/home,tablet,email / newsletter,894,61,73.93084329081483,6.823266219239374
/about,tablet,direct / none,456,20,30.14486422135955,4.385964912280701
/about,mobile,facebook / cpc,661,14,42.896716392032005,2.118003025718608
/cart,mobile,direct / none,895,10,48.74420378620107,1.1173184357541899
/about,mobile,facebook / cpc,776,57,27.647237565372137,7.345360824742269
/about,tablet,direct / none,475,40,61.95892250757222,8.421052631578947
/blog,tablet,facebook / cpc,112,7,53.551088409759586,6.25
/home,tablet,direct / none,447,9,33.106590972998426,2.013422818791946
/checkout,desktop,facebook / cpc,314,16,20.74424217663889,5.095541401273886
/home,mobile,direct / none,870,32,37.83426846251703,3.67816091954023
/about,desktop,email / newsletter,117,10,72.63436742973202,8.547008547008547
/blog,mobile,facebook / cpc,986,65,79.34170150101043,6.592292089249494
/blog,mobile,google / organic,481,30,22.080216003589,6.237006237006238
/about,mobile,google / organic,816,26,59.529504208404234,3.1862745098039214
/blog,tablet,email / newsletter,978,56,64.2539449455696,5.725971370143149
/home,tablet,google / organic,531,32,72.73873401693604,6.0263653483992465
/blog,tablet,direct / none,473,23,39.01679526746716,4.862579281183932
/contact,tablet,google / organic,708,35,73.55139739729077,4.943502824858757
/blog,tablet,facebook / cpc,837,56,67.32813583432157,6.690561529271206
/contact,tablet,email / newsletter,589,47,34.051066808929136,7.979626485568761
/cart,mobile,email / newsletter,243,12,36.29412588506239,4.938271604938271
/home,desktop,email / newsletter,136,12,44.418314578055835,8.823529411764707
/product,desktop,google / organic,829,75,56.24430062427315,9.047044632086852
/cart,mobile,google / organic,490,26,39.88082042618305,5.3061224489795915
/about,tablet,email / newsletter,798,50,48.45730522587563,6.265664160401002
/blog,mobile,google / organic,351,29,22.969811209619998,8.262108262108262
/checkout,desktop,facebook / cpc,856,52,68.15514077478878,6.074766355140187
/about,mobile,direct / none,871,39,75.90522316596898,4.477611940298507
/blog,desktop,google / organic,578,23,26.830303608596083,3.9792387543252596
/contact,tablet,google / organic,600,43,49.61279482040712,7.166666666666667
/cart,tablet,google / organic,176,8,36.48389153117117,4.545454545454546
/checkout,tablet,email / newsletter,633,47,74.4566601533933,7.424960505529225
/checkout,desktop,email / newsletter,978,93,69.42742305327768,9.509202453987731
/product,desktop,email / newsletter,202,2,58.18408221100442,0.9900990099009901
/blog,tablet,direct / none,738,52,56.22772717696326,7.046070460704606
/product,mobile,google / organic,688,12,59.759870783561325,1.744186046511628
/contact,desktop,google / organic,381,15,24.810800844914205,3.937007874015748
/contact,mobile,direct / none,846,36,60.72019740035389,4.25531914893617
/cart,desktop,facebook / cpc,959,88,58.165762784572536,9.176225234619395
/home,tablet,email / newsletter,820,17,63.43838332796563,2.073170731707317
/product,desktop,facebook / cpc,436,9,52.03804835286583,2.064220183486239
/home,desktop,facebook / cpc,317,17,37.702442459249376,5.3627760252365935
/blog,tablet,facebook / cpc,406,24,27.38019770742474,5.911330049261084
/contact,desktop,direct / none,457,39,59.13749891551638,8.533916849015318
/about,tablet,facebook / cpc,469,16,60.377997343665946,3.411513859275053
/blog,mobile,facebook / cpc,79,6,46.78517098409493,7.59493670886076
/cart,tablet,email / newsletter,221,10,74.99811415047245,4.524886877828054
/cart,mobile,direct / none,874,39,21.64521859835946,4.462242562929062
/contact,mobile,email / newsletter,717,16,45.83176030773245,2.2315202231520224
/home,desktop,direct / none,197,11,40.38612962906707,5.583756345177665
/product,tablet,direct / none,528,33,67.50321555568078,6.25
/home,mobile,email / newsletter,374,32,51.86512069311457,8.55614973262032
/checkout,mobile,google / organic,80,1,61.29645414681422,1.25
/blog,mobile,email / newsletter,393,38,50.327307074627,9.669211195928753
/checkout,mobile,direct / none,479,21,21.85734745516061,4.3841336116910234
/product,tablet,facebook / cpc,311,15,65.37281683701062,4.823151125401929
/about,mobile,google / organic,171,16,26.968337612031537,9.35672514619883
/blog,tablet,direct / none,695,58,56.17657258876769,8.345323741007196
/home,desktop,google / organic,108,4,77.66812912445558,3.7037037037037033
/blog,mobile,email / newsletter,118,7,29.248702590709225,5.932203389830509
/product,desktop,facebook / cpc,870,43,70.01899771625514,4.942528735632184
/product,mobile,email / newsletter,158,2,31.677430202292314,1.2658227848101267
/about,tablet,email / newsletter,582,35,77.98504315198444,6.013745704467354
/cart,desktop,email / newsletter,329,7,79.98282824935484,2.127659574468085
/product,tablet,email / newsletter,484,36,66.94329976760524,7.43801652892562
/product,mobile,google / organic,713,20,57.23962878947504,2.805049088359046
/blog,desktop,google / organic,662,20,52.58147503745979,3.0211480362537766
/cart,desktop,facebook / cpc,316,16,41.207644432806944,5.063291139240507
/about,desktop,facebook / cpc,444,6,52.959348764190445,1.3513513513513513
/checkout,desktop,facebook / cpc,573,54,78.17646361088572,9.424083769633508
/product,mobile,direct / none,744,26,42.51979447517611,3.494623655913978
/home,mobile,email / newsletter,456,25,43.19243040938167,5.482456140350877
/home,tablet,facebook / cpc,514,50,71.93462873747313,9.72762645914397
/product,tablet,direct / none,800,76,54.411737087334394,9.5
/contact,desktop,email / newsletter,165,11,20.190070914842103,6.666666666666667
/home,tablet,direct / none,855,10,35.36285390629726,1.1695906432748537
/contact,mobile,google / organic,336,26,64.04178575535838,7.738095238095238
/about,desktop,facebook / cpc,732,42,72.32290030682046,5.737704918032787
/about,desktop,email / newsletter,253,8,68.2662324607703,3.1620553359683794
/about,desktop,facebook / cpc,352,9,79.432761966208,2.556818181818182
/product,desktop,email / newsletter,376,5,20.139052874288833,1.3297872340425532
/checkout,desktop,google / organic,50,0,24.141772453270978,0.0
/blog,desktop,direct / none,306,19,70.75528638066393,6.209150326797386
/contact,desktop,facebook / cpc,991,71,36.82006764749126,7.164480322906155
/contact,mobile,direct / none,404,27,52.94782017663036,6.683168316831684
/blog,desktop,email / newsletter,339,6,20.365324894390344,1.7699115044247788
/about,mobile,email / newsletter,706,57,50.03745608422507,8.073654390934843
/about,mobile,facebook / cpc,523,19,44.17239695795823,3.632887189292543
/checkout,mobile,direct / none,500,46,68.20896459781308,9.2
/about,tablet,direct / none,679,35,39.28974207487292,5.154639175257731
/home,desktop,google / organic,719,46,78.73886691048853,6.397774687065369
/blog,tablet,google / organic,330,29,27.375240707923254,8.787878787878787
/contact,mobile,facebook / cpc,59,3,69.2859194985556,5.084745762711865
/checkout,mobile,facebook / cpc,227,19,62.83715795039539,8.370044052863436
/contact,mobile,facebook / cpc,752,69,27.197221581433396,9.175531914893616
/product,tablet,direct / none,339,22,28.029701779981586,6.489675516224189
/cart,desktop,email / newsletter,610,6,39.055207715666995,0.9836065573770493
/product,desktop,facebook / cpc,835,61,36.57017346925397,7.3053892215568865
/contact,mobile,email / newsletter,986,93,40.42224477834576,9.432048681541582
/blog,tablet,google / organic,626,38,27.79579547214208,6.070287539936102
/product,mobile,direct / none,868,79,46.02904517459177,9.101382488479262
/checkout,tablet,google / organic,450,24,61.22115599019457,5.333333333333334
/home,tablet,google / organic,681,15,60.550864787860185,2.2026431718061676
/blog,desktop,direct / none,62,2,30.968434199414027,3.225806451612903
/cart,desktop,email / newsletter,480,16,76.63893832179258,3.3333333333333335
/checkout,tablet,direct / none,701,13,79.96797489293783,1.8544935805991443
/about,tablet,email / newsletter,602,12,48.558063860699356,1.9933554817275747
/about,tablet,email / newsletter,922,72,23.141301211248344,7.809110629067245
/product,desktop,google / organic,149,4,71.02088006719373,2.684563758389262
/home,mobile,direct / none,871,25,72.8094042752891,2.8702640642939152
/blog,tablet,google / organic,798,17,37.718088654309966,2.1303258145363406
/contact,mobile,direct / none,77,1,78.47550868011979,1.2987012987012987
/checkout,mobile,facebook / cpc,114,4,73.41290015817046,3.508771929824561
/cart,desktop,google / organic,98,5,26.690732739276584,5.1020408163265305
/checkout,tablet,google / organic,635,28,20.88160331929723,4.409448818897638
/product,mobile,google / organic,917,11,76.93075734986783,1.1995637949836424
/cart,tablet,facebook / cpc,66,2,74.36395314118192,3.0303030303030303
/blog,tablet,google / organic,789,36,22.499409102960946,4.562737642585551
/home,tablet,email / newsletter,833,47,66.3752889125669,5.642256902761105
/product,tablet,facebook / cpc,742,32,24.58309669948736,4.31266846361186
/home,mobile,google / organic,183,7,46.13045752833144,3.825136612021858
/home,desktop,direct / none,568,24,40.88573559009728,4.225352112676056
/cart,desktop,email / newsletter,696,49,72.75530689078307,7.040229885057471
/cart,desktop,direct / none,778,22,37.46865486711074,2.827763496143959
/cart,tablet,google / organic,538,34,76.24270628985924,6.319702602230483
/blog,tablet,email / newsletter,520,32,60.29853689276179,6.153846153846154
/home,tablet,google / organic,873,51,79.47967409385323,5.841924398625429
/contact,mobile,google / organic,578,15,33.52287608040595,2.5951557093425603
/product,desktop,facebook / cpc,74,4,66.8793113448383,5.405405405405405
/cart,desktop,google / organic,505,22,58.15728242982371,4.356435643564356
/checkout,tablet,direct / none,882,81,40.71153250965263,9.183673469387756
/about,desktop,direct / none,208,3,62.463281016051646,1.4423076923076923
/home,mobile,google / organic,645,32,57.855307413749806,4.961240310077519
/about,desktop,facebook / cpc,471,14,51.7795834367372,2.9723991507431
/blog,mobile,google / organic,607,21,24.574353078413868,3.459637561779242
/about,mobile,facebook / cpc,639,31,52.794628521937696,4.851330203442879
/about,tablet,facebook / cpc,567,16,46.73249832451346,2.821869488536155
/cart,desktop,google / organic,801,46,79.69888215950559,5.742821473158552
/contact,mobile,google / organic,321,17,58.19231880520126,5.29595015576324
/cart,mobile,facebook / cpc,381,18,35.57250699056542,4.724409448818897
/cart,tablet,direct / none,919,90,57.340595877034765,9.793253536452665
/checkout,tablet,google / organic,620,45,41.3024633871175,7.258064516129033
/cart,desktop,email / newsletter,499,22,78.02316088556209,4.408817635270541
/product,mobile,email / newsletter,544,27,33.92238973406636,4.963235294117647
/home,tablet,email / newsletter,649,56,65.81474413199436,8.628659476117104
/checkout,desktop,google / organic,123,5,67.06525148020506,4.0650406504065035
/checkout,mobile,direct / none,220,18,22.763404051397384,8.181818181818182
/product,tablet,email / newsletter,993,48,25.723956638792636,4.833836858006042
/home,desktop,direct / none,925,19,59.746040702064086,2.054054054054054
/home,mobile,email / newsletter,296,29,75.17186147936299,9.797297297297296
/home,desktop,direct / none,802,14,58.126618739571356,1.7456359102244388
/about,tablet,direct / none,674,23,46.66192095449087,3.4124629080118694
/home,mobile,google / organic,165,10,43.179390384587954,6.0606060606060606
/product,desktop,facebook / cpc,818,75,31.495576744089547,9.168704156479219
/checkout,tablet,facebook / cpc,364,4,33.251166977780535,1.098901098901099
/product,desktop,google / organic,327,11,72.00622127036002,3.3639143730886847
/blog,desktop,email / newsletter,700,33,53.7994785219828,4.714285714285714
/checkout,mobile,direct / none,452,22,28.628861018888824,4.867256637168142
/contact,tablet,facebook / cpc,601,47,44.056505748382804,7.820299500831947
/contact,mobile,email / newsletter,448,12,52.670346142953676,2.6785714285714284
/home,tablet,email / newsletter,664,44,21.968577447716505,6.626506024096386
/cart,mobile,direct / none,470,8,47.60014373484793,1.702127659574468
/cart,tablet,google / organic,213,16,61.617083448427714,7.511737089201878
/product,tablet,facebook / cpc,482,17,52.34567316416052,3.5269709543568464
/contact,desktop,google / organic,912,71,27.672008073345054,7.785087719298247
/home,desktop,google / organic,749,11,51.35061086513531,1.4686248331108143
/product,tablet,direct / none,983,48,20.605436401341485,4.883011190233978
/cart,mobile,direct / none,893,62,33.4576089971027,6.9428891377379625
/contact,desktop,google / organic,958,35,45.357751820816546,3.653444676409186
/about,desktop,google / organic,161,4,69.00676799033816,2.484472049689441
/about,tablet,direct / none,935,27,44.345070116903656,2.8877005347593583
/about,desktop,facebook / cpc,710,31,28.97608697161715,4.366197183098591
/contact,tablet,facebook / cpc,251,8,21.240282133514267,3.187250996015936
/about,desktop,google / organic,700,37,57.70604284513993,5.285714285714286
/home,tablet,google / organic,684,13,65.54031695131586,1.9005847953216373
/home,tablet,google / organic,612,57,42.156846212932464,9.313725490196079
/product,tablet,email / newsletter,472,43,47.70296862878715,9.110169491525424
/contact,mobile,direct / none,558,19,71.70145422724072,3.405017921146954
/cart,desktop,google / organic,122,4,40.72051713469327,3.278688524590164
/checkout,desktop,direct / none,386,29,62.07019169541559,7.512953367875648
/contact,desktop,direct / none,241,10,49.77552517294169,4.149377593360995
/contact,mobile,google / organic,900,19,66.93027578547478,2.111111111111111
/about,mobile,google / organic,319,5,70.59668545618413,1.5673981191222568
/cart,desktop,direct / none,951,92,52.78581896467084,9.674027339642482
/cart,desktop,google / organic,502,43,63.10723683935301,8.565737051792828
/blog,mobile,direct / none,708,15,43.7932209193978,2.11864406779661
/product,desktop,email / newsletter,144,5,38.58727155254596,3.4722222222222223
/about,tablet,google / organic,889,58,35.02807392754994,6.524184476940382
/cart,mobile,email / newsletter,644,20,57.67960295624589,3.1055900621118013
/checkout,desktop,google / organic,61,2,37.25796374262069,3.278688524590164
/cart,desktop,facebook / cpc,146,12,45.8324125704314,8.21917808219178
/blog,mobile,email / newsletter,108,1,41.351285555552685,0.9259259259259258
/home,tablet,facebook / cpc,246,7,24.32666557576611,2.8455284552845526
/contact,desktop,google / organic,133,8,60.28874892003242,6.015037593984962
/about,tablet,direct / none,177,3,65.0563879017991,1.694915254237288
/blog,mobile,direct / none,763,8,74.88386689739022,1.0484927916120577
/about,desktop,facebook / cpc,66,3,26.187281744484547,4.545454545454546
/checkout,mobile,google / organic,131,6,62.27326568164672,4.580152671755725
/cart,desktop,email / newsletter,632,17,35.85657578951836,2.689873417721519
/home,tablet,email / newsletter,563,38,37.247699893835005,6.74955595026643
/about,mobile,direct / none,488,8,24.618768023897978,1.639344262295082
/about,tablet,google / organic,999,51,61.74784865932669,5.105105105105105
/cart,tablet,facebook / cpc,463,33,58.49791452964127,7.127429805615551
/about,tablet,direct / none,827,58,47.04118849633478,7.013301088270858
/about,desktop,direct / none,149,1,34.971462010294914,0.6711409395973155
/checkout,desktop,direct / none,203,13,46.94508470065681,6.403940886699508
/cart,mobile,direct / none,609,48,20.400927753433265,7.8817733990147785
/checkout,mobile,facebook / cpc,74,4,23.029336664744477,5.405405405405405
/blog,tablet,google / organic,186,17,47.01525476857342,9.13978494623656
/checkout,desktop,google / organic,95,6,31.312436344955067,6.315789473684211
/about,desktop,facebook / cpc,419,16,64.56949849437898,3.8186157517899764
/checkout,tablet,google / organic,176,15,68.43135912747128,8.522727272727272
/checkout,desktop,direct / none,122,12,46.30309880184568,9.836065573770492
/checkout,desktop,direct / none,426,31,60.240531522939534,7.276995305164319
/blog,tablet,google / organic,806,61,72.64820279926892,7.568238213399504
/contact,tablet,google / organic,415,13,36.248379682218356,3.132530120481928
/cart,desktop,facebook / cpc,879,62,56.403903483046186,7.053469852104664
/product,mobile,email / newsletter,552,45,70.30951003058149,8.152173913043478
/cart,tablet,direct / none,638,29,67.20617020142764,4.545454545454546
/about,desktop,direct / none,937,33,79.25957554047511,3.5218783351120595
/about,mobile,google / organic,122,10,32.373044305048396,8.19672131147541
/contact,desktop,email / newsletter,845,73,74.91543109506938,8.63905325443787
/product,tablet,google / organic,819,26,57.81483316736947,3.1746031746031744
/checkout,mobile,facebook / cpc,729,49,46.55273088888474,6.721536351165981
/blog,tablet,email / newsletter,579,21,69.48459424082046,3.6269430051813467
/cart,mobile,google / organic,254,14,38.06276467005878,5.511811023622047
/blog,tablet,facebook / cpc,137,2,75.62663773150564,1.4598540145985401
/contact,tablet,facebook / cpc,983,32,59.31042287146028,3.255340793489318
/about,desktop,email / newsletter,974,26,24.22951673858868,2.6694045174537986
/blog,mobile,direct / none,670,33,69.58928541174575,4.925373134328359
/checkout,desktop,google / organic,245,12,75.4736633226083,4.8979591836734695
/product,tablet,google / organic,326,5,64.55184997042528,1.5337423312883436
/home,desktop,direct / none,863,82,74.82730663239556,9.501738122827346
/checkout,mobile,facebook / cpc,226,21,50.33804920531753,9.29203539823009
/home,desktop,google / organic,878,52,43.56384459628497,5.922551252847381
/cart,tablet,facebook / cpc,474,33,71.52900627008928,6.962025316455696
/home,tablet,email / newsletter,463,30,46.35263607498304,6.479481641468683
/blog,tablet,google / organic,648,46,30.755195344356846,7.098765432098765
/contact,tablet,google / organic,450,39,64.43756893366222,8.666666666666668
/blog,mobile,email / newsletter,67,3,37.80720092119104,4.477611940298507
/about,desktop,facebook / cpc,284,25,63.94483188876011,8.80281690140845
/product,mobile,direct / none,164,9,33.34167828489022,5.487804878048781
/checkout,tablet,facebook / cpc,728,32,23.463929553507032,4.395604395604396
/cart,mobile,direct / none,431,28,77.59176816280731,6.496519721577726
/blog,desktop,direct / none,338,19,45.73666000580866,5.621301775147929
/product,tablet,facebook / cpc,498,19,32.22002826636109,3.815261044176707
/blog,mobile,google / organic,979,93,21.328488528357767,9.499489274770173
/home,desktop,email / newsletter,366,8,40.232394533945126,2.185792349726776
/product,desktop,direct / none,318,28,43.51156239128156,8.80503144654088
/contact,mobile,google / organic,152,1,45.15629966996132,0.6578947368421052
/home,tablet,google / organic,300,18,48.45530125861721,6.0
/blog,tablet,email / newsletter,843,9,35.196343011362906,1.0676156583629894
/checkout,desktop,email / newsletter,873,73,70.16706219243493,8.36197021764032
/home,tablet,email / newsletter,996,57,37.1305268071107,5.72289156626506
/blog,tablet,direct / none,986,51,72.95359260634083,5.172413793103448
/blog,mobile,facebook / cpc,106,9,68.2122595677562,8.49056603773585
/product,mobile,facebook / cpc,765,58,30.90339759368939,7.5816993464052285
/contact,desktop,google / organic,734,41,47.02871428823572,5.5858310626703
/about,tablet,email / newsletter,270,10,53.54355709679613,3.7037037037037033
/cart,tablet,facebook / cpc,255,4,42.35199642557305,1.5686274509803921
/about,tablet,email / newsletter,933,38,22.719156737653677,4.072883172561629
/cart,mobile,direct / none,947,50,59.70105730399139,5.279831045406547
/checkout,tablet,email / newsletter,531,31,66.36857439742025,5.83804143126177
/home,desktop,facebook / cpc,363,28,66.91759862947755,7.7134986225895315
/contact,mobile,email / newsletter,770,22,20.877695532660542,2.857142857142857
/checkout,desktop,direct / none,632,26,59.74903681649649,4.113924050632911
/about,desktop,facebook / cpc,450,29,35.4938611799696,6.444444444444445
/blog,mobile,email / newsletter,539,36,54.72840527071643,6.679035250463822
/product,mobile,google / organic,318,14,62.76666057300986,4.40251572327044
/cart,desktop,email / newsletter,286,13,32.894758222183754,4.545454545454546
/checkout,mobile,email / newsletter,444,7,31.275222848919384,1.5765765765765765
/product,mobile,email / newsletter,420,29,69.30985679512156,6.904761904761905
/home,mobile,facebook / cpc,554,52,35.84371908162313,9.386281588447654
/about,desktop,google / organic,734,37,69.55506243896183,5.040871934604905
/about,desktop,direct / none,917,14,69.42604374794738,1.5267175572519083
/blog,tablet,direct / none,437,43,47.691375655316406,9.839816933638444
/checkout,mobile,google / organic,389,19,42.10083282766108,4.884318766066838
/home,desktop,direct / none,583,51,22.02058423246784,8.747855917667238
/cart,tablet,google / organic,877,61,22.338759239667823,6.955530216647662
/about,desktop,email / newsletter,415,16,73.28709133604215,3.8554216867469884
/blog,tablet,email / newsletter,126,10,69.52493984743688,7.936507936507936
/cart,desktop,facebook / cpc,942,17,24.03535483804207,1.8046709129511678
/checkout,tablet,google / organic,848,59,68.08087951242851,6.9575471698113205
/cart,desktop,direct / none,724,27,54.26973791734166,3.7292817679558015
/blog,desktop,direct / none,508,40,41.625609628489165,7.874015748031496
/cart,mobile,direct / none,557,17,59.260520329563185,3.052064631956912
/about,tablet,facebook / cpc,969,76,57.42458509184055,7.8431372549019605
/contact,tablet,email / newsletter,284,26,20.320769651261866,9.15492957746479
/blog,desktop,google / organic,187,3,43.435616454906935,1.6042780748663104
/blog,tablet,direct / none,732,16,60.567523855297416,2.185792349726776
/home,tablet,direct / none,969,42,42.74765950253882,4.3343653250774
/checkout,desktop,direct / none,364,18,48.15711363954742,4.945054945054945
/product,mobile,google / organic,219,13,62.906009677022,5.93607305936073
/cart,tablet,google / organic,963,84,41.74587935694974,8.722741433021806
/contact,tablet,google / organic,989,71,50.02156677293364,7.17896865520728
/contact,desktop,google / organic,231,5,36.51729280711161,2.1645021645021645
/contact,desktop,direct / none,665,33,62.3083487342338,4.962406015037594
/contact,desktop,google / organic,479,5,30.18370571461539,1.0438413361169103
/home,tablet,direct / none,92,4,47.214739995370046,4.3478260869565215
/checkout,mobile,facebook / cpc,692,66,58.34192953489525,9.53757225433526
/blog,desktop,facebook / cpc,854,57,70.02751705512964,6.674473067915692
/about,mobile,direct / none,925,13,41.2954796526206,1.4054054054054055
/blog,mobile,facebook / cpc,770,68,56.41081733240835,8.831168831168831
/about,mobile,direct / none,568,55,50.0945419950769,9.683098591549296
/cart,desktop,direct / none,137,2,73.07499757527127,1.4598540145985401
/cart,desktop,facebook / cpc,514,50,57.357832015919485,9.72762645914397
/contact,tablet,google / organic,783,32,27.676215470706993,4.086845466155811
/blog,tablet,email / newsletter,994,89,60.15851654971275,8.953722334004025
/blog,tablet,facebook / cpc,572,27,67.36456531481514,4.72027972027972
/product,mobile,direct / none,325,30,23.313351244581707,9.230769230769232
/checkout,tablet,google / organic,133,10,78.3846078747379,7.518796992481203
/checkout,tablet,email / newsletter,956,35,39.57523508246881,3.6610878661087867
/about,mobile,direct / none,589,41,41.31918490843326,6.960950764006792
/checkout,desktop,facebook / cpc,135,10,73.89428383719411,7.4074074074074066
/about,tablet,email / newsletter,944,17,36.281957812340636,1.8008474576271187
/contact,tablet,direct / none,351,7,68.22829342900852,1.9943019943019942
/about,mobile,email / newsletter,177,11,28.644727160791973,6.214689265536723
/checkout,mobile,direct / none,194,19,46.504789498262426,9.793814432989691
/product,desktop,direct / none,155,6,36.91514257428375,3.870967741935484
/about,desktop,google / organic,737,73,52.83425122523859,9.905020352781547
/home,tablet,facebook / cpc,320,6,22.697686495493066,1.875
/blog,desktop,email / newsletter,442,5,76.42515243804482,1.1312217194570136
/blog,mobile,google / organic,769,46,59.36330131854224,5.981794538361508
/about,tablet,email / newsletter,376,30,27.020703491476773,7.9787234042553195
/contact,tablet,email / newsletter,236,5,65.7468175204921,2.11864406779661
/blog,desktop,google / organic,278,21,50.608902827379396,7.553956834532374
/checkout,mobile,facebook / cpc,656,63,44.166549993973995,9.603658536585366
/home,desktop,email / newsletter,236,14,28.47341260238897,5.932203389830509
/checkout,desktop,facebook / cpc,500,13,33.12258801941499,2.6
/product,mobile,email / newsletter,471,28,78.19559152071145,5.9447983014862
/home,mobile,facebook / cpc,593,25,67.86393580089285,4.215851602023609
/cart,desktop,direct / none,848,34,54.39339166697549,4.009433962264151
/checkout,desktop,direct / none,986,56,35.1587618372772,5.679513184584178
/checkout,tablet,direct / none,455,30,65.10057032137516,6.593406593406594
/product,mobile,google / organic,325,10,42.5918172673579,3.076923076923077
/checkout,desktop,google / organic,960,34,31.970318895776508,3.5416666666666665
/product,tablet,google / organic,328,9,37.48765480962763,2.7439024390243905
/product,tablet,direct / none,830,43,48.08414325405741,5.1807228915662655
/home,desktop,email / newsletter,936,45,49.235921246003045,4.807692307692308
/home,mobile,direct / none,62,2,66.16693364492284,3.225806451612903
/about,mobile,google / organic,220,6,21.827821178537608,2.727272727272727
/contact,desktop,email / newsletter,516,47,56.90774843247199,9.108527131782946
/product,tablet,google / organic,520,18,57.5793410993717,3.4615384615384617
/home,desktop,facebook / cpc,416,5,29.64077508271071,1.201923076923077
/product,desktop,email / newsletter,832,66,47.940952505736774,7.9326923076923075
/home,desktop,email / newsletter,121,8,75.34204908020618,6.6115702479338845
/cart,mobile,facebook / cpc,932,19,65.04617895266334,2.03862660944206
/home,desktop,email / newsletter,555,33,60.643587793332365,5.9459459459459465
/contact,mobile,facebook / cpc,995,77,39.08297435305512,7.738693467336684
/cart,mobile,email / newsletter,282,13,36.968067840229985,4.609929078014184
/home,desktop,direct / none,499,46,60.072074402048806,9.218436873747494
/checkout,tablet,google / organic,55,2,60.70999809755827,3.6363636363636362
/product,mobile,direct / none,342,26,73.09130706176026,7.602339181286549
/product,desktop,direct / none,725,7,77.80161922676228,0.9655172413793104
/home,desktop,email / newsletter,296,24,46.13868742739059,8.108108108108109
/checkout,tablet,facebook / cpc,921,79,38.789792109786625,8.577633007600435
/product,mobile,email / newsletter,857,84,52.46017393565975,9.801633605600934
/product,mobile,email / newsletter,972,23,25.541631686682713,2.366255144032922
/checkout,tablet,email / newsletter,424,21,78.08458288704401,4.952830188679245
/product,tablet,facebook / cpc,969,67,48.25761514608401,6.9143446852425186
/product,mobile,direct / none,884,17,37.65600419822686,1.9230769230769231
/cart,desktop,direct / none,212,14,32.74683663172838,6.60377358490566
/product,tablet,facebook / cpc,400,31,41.406122697396356,7.75
/checkout,tablet,email / newsletter,232,11,26.423430713251165,4.741379310344827
/product,mobile,direct / none,427,37,56.227819515745765,8.665105386416862
/checkout,mobile,google / organic,495,10,49.14904573475789,2.0202020202020203
/blog,tablet,facebook / cpc,299,22,28.22536748472539,7.357859531772576
/home,desktop,email / newsletter,938,39,43.40721408130035,4.157782515991471
/cart,tablet,direct / none,140,11,75.89329485856885,7.857142857142857
/about,tablet,email / newsletter,601,23,43.97112707521609,3.826955074875208
/home,tablet,direct / none,622,11,66.79929961463266,1.7684887459807075
/blog,tablet,google / organic,105,6,25.53007750834594,5.714285714285714
/blog,desktop,direct / none,801,58,67.0100048507154,7.240948813982522
/cart,mobile,direct / none,157,4,26.195900532502904,2.547770700636943
/cart,tablet,email / newsletter,494,23,34.774649658236,4.65587044534413
/about,desktop,direct / none,784,24,66.92304615582549,3.061224489795918
/product,tablet,direct / none,613,35,21.635000717048907,5.709624796084829
/about,desktop,direct / none,434,26,35.17148709500667,5.990783410138248
/about,mobile,google / organic,384,20,69.24176964600676,5.208333333333334
/blog,mobile,direct / none,834,24,39.69076896785672,2.877697841726619
/home,mobile,google / organic,545,46,48.927925935190515,8.440366972477065
/about,mobile,direct / none,121,10,68.50434433362145,8.264462809917356
/cart,desktop,google / organic,464,43,38.197153450956975,9.267241379310345
/about,desktop,facebook / cpc,619,35,61.031987110120596,5.654281098546042
/product,tablet,google / organic,581,40,34.986329746791185,6.884681583476763
/product,mobile,email / newsletter,834,71,75.6861101305872,8.513189448441247
/contact,tablet,direct / none,68,0,66.41432610384322,0.0
/cart,desktop,direct / none,964,68,33.8888057547793,7.053941908713693
/product,desktop,google / organic,194,18,73.95562153548138,9.278350515463918
/cart,desktop,facebook / cpc,875,30,52.26697608448259,3.428571428571429
/contact,tablet,facebook / cpc,885,11,53.37968043542476,1.2429378531073447
/about,desktop,facebook / cpc,333,24,51.09657058685878,7.207207207207207
/cart,mobile,email / newsletter,841,28,78.12047633446143,3.329369797859691
/contact,desktop,facebook / cpc,825,42,23.012865901427315,5.090909090909091
/contact,mobile,google / organic,362,6,37.14197564268587,1.6574585635359116
/about,mobile,facebook / cpc,246,11,66.85783181866611,4.471544715447155
/product,tablet,facebook / cpc,222,2,59.48329903167325,0.9009009009009009
/product,desktop,facebook / cpc,669,61,42.7424291229821,9.118086696562033
/product,mobile,direct / none,473,16,52.848289391739115,3.382663847780127
/product,mobile,email / newsletter,425,14,22.356164854499138,3.294117647058824
/cart,tablet,google / organic,145,6,77.94483258918484,4.137931034482759
/home,tablet,google / organic,465,38,60.265589425158566,8.172043010752688
/about,desktop,email / newsletter,199,6,66.99787897736286,3.015075376884422
/cart,mobile,direct / none,442,30,56.21172839006726,6.787330316742081
/home,mobile,google / organic,300,7,76.31178700838782,2.3333333333333335
/cart,desktop,direct / none,118,6,38.43298502127625,5.084745762711865
/about,desktop,email / newsletter,286,14,53.925198056464545,4.895104895104895
/product,mobile,facebook / cpc,543,10,43.58623445356406,1.841620626151013
/home,desktop,facebook / cpc,404,9,56.14696651799527,2.2277227722772275
/cart,tablet,direct / none,646,63,70.09683234166422,9.75232198142415
/contact,desktop,email / newsletter,943,88,72.10457143681604,9.331919406150584
/product,mobile,facebook / cpc,380,4,45.2002444448843,1.0526315789473684
/cart,desktop,direct / none,907,72,76.8053621104222,7.938257993384785
/cart,tablet,direct / none,353,15,61.86297845319758,4.2492917847025495
/checkout,tablet,facebook / cpc,691,40,23.713142100828513,5.788712011577424
/contact,tablet,email / newsletter,312,17,27.917919177437703,5.448717948717949
/contact,desktop,facebook / cpc,604,18,68.33892832180052,2.980132450331126
/checkout,desktop,email / newsletter,886,24,25.394974691582135,2.708803611738149
/about,desktop,direct / none,125,4,37.23960299053412,3.2
/about,mobile,direct / none,229,11,49.55212284285736,4.8034934497816595
/cart,tablet,email / newsletter,480,11,51.79643521581397,2.2916666666666665
/product,desktop,email / newsletter,214,5,65.60965578740954,2.336448598130841
/checkout,desktop,facebook / cpc,880,41,41.66448358046223,4.659090909090909
/product,desktop,facebook / cpc,917,37,55.090317901332924,4.0348964013086155
/product,desktop,direct / none,879,36,78.56196191601222,4.09556313993174
/checkout,tablet,email / newsletter,890,41,33.79962523779443,4.606741573033708
/about,tablet,direct / none,490,28,28.466455641281065,5.714285714285714
/product,mobile,google / organic,965,56,59.38315156308603,5.803108808290156
/about,mobile,email / newsletter,349,34,24.87377808840036,9.742120343839542
/product,tablet,direct / none,629,51,78.63679595398685,8.108108108108109
/cart,desktop,google / organic,238,23,58.274112473177695,9.663865546218489
/product,tablet,email / newsletter,187,7,45.64918724541608,3.7433155080213902
/home,mobile,direct / none,294,10,45.77737183381065,3.4013605442176873
/cart,tablet,google / organic,53,3,56.19152993688005,5.660377358490567
/checkout,tablet,google / organic,274,7,49.5339389109445,2.5547445255474455
/contact,desktop,facebook / cpc,760,66,35.1815804552152,8.68421052631579
/checkout,tablet,facebook / cpc,345,33,25.596286806690195,9.565217391304348
/cart,tablet,facebook / cpc,844,54,55.65450963851583,6.398104265402843
/product,mobile,facebook / cpc,645,51,36.55536166283281,7.906976744186046
/blog,mobile,email / newsletter,347,22,33.999969358959596,6.340057636887608
/home,mobile,facebook / cpc,352,7,23.596598051678498,1.9886363636363635
/about,desktop,email / newsletter,803,61,22.699809274125464,7.596513075965131
/product,mobile,google / organic,371,7,44.68247428475536,1.8867924528301887
/product,desktop,facebook / cpc,913,78,68.40545382734757,8.543263964950713
/contact,mobile,google / organic,484,12,52.88871216368132,2.479338842975207
/cart,mobile,direct / none,618,8,77.91816341782399,1.2944983818770228
/checkout,desktop,email / newsletter,389,21,53.83517400533742,5.3984575835475574
/product,mobile,facebook / cpc,918,37,56.05472033954516,4.030501089324619
/product,mobile,email / newsletter,503,18,62.88313001012216,3.5785288270377733
/about,tablet,email / newsletter,405,15,56.32887503155672,3.7037037037037033
/blog,mobile,facebook / cpc,244,19,35.21813333084229,7.786885245901639
/cart,desktop,email / newsletter,710,45,58.02269598593174,6.338028169014084
/contact,mobile,facebook / cpc,445,31,39.411824749129494,6.96629213483146
/about,desktop,direct / none,607,11,28.074576026246465,1.8121911037891267
/home,mobile,direct / none,605,11,58.98728280585797,1.8181818181818181
/checkout,tablet,email / newsletter,817,16,66.78925304060408,1.9583843329253363
/home,desktop,direct / none,404,13,41.395770559172334,3.217821782178218
/about,mobile,direct / none,849,81,71.0690441255589,9.540636042402827
/cart,desktop,google / organic,846,50,25.103383129354466,5.91016548463357
/about,mobile,google / organic,886,28,43.3235808725928,3.160270880361174
/contact,desktop,email / newsletter,989,25,25.798690057265137,2.5278058645096055
/contact,mobile,email / newsletter,974,15,25.258990171679194,1.5400410677618068
/checkout,mobile,direct / none,242,12,39.201638993743515,4.958677685950414
/home,desktop,facebook / cpc,974,61,71.57338381507621,6.262833675564681
/cart,desktop,direct / none,237,14,27.69955173132587,5.9071729957805905
/checkout,desktop,email / newsletter,122,5,68.24574017801557,4.098360655737705
/cart,mobile,direct / none,734,51,66.8208717644095,6.948228882833788
/home,mobile,email / newsletter,101,8,49.523269362944035,7.920792079207921
/cart,tablet,email / newsletter,249,4,77.80879684845965,1.6064257028112447
/product,tablet,direct / none,126,2,52.482465254446296,1.5873015873015872
/cart,tablet,direct / none,829,13,48.449857776319185,1.5681544028950543
/cart,mobile,facebook / cpc,460,26,75.95267536114704,5.6521739130434785
/cart,mobile,facebook / cpc,933,60,38.46625431758895,6.430868167202572
/home,tablet,email / newsletter,377,28,54.98781314597501,7.427055702917771
/contact,tablet,direct / none,366,26,79.79393937733894,7.103825136612022
/about,mobile,email / newsletter,988,56,76.49461116403603,5.668016194331984
/blog,desktop,google / organic,650,24,69.99226139580045,3.6923076923076925
/checkout,mobile,email / newsletter,124,8,75.83854858111759,6.451612903225806
/product,tablet,email / newsletter,487,39,53.02830662617643,8.008213552361395
/product,tablet,direct / none,362,5,42.6703528236312,1.3812154696132597
/cart,desktop,email / newsletter,831,57,29.715380397932822,6.859205776173286
/home,tablet,email / newsletter,799,36,41.283713403812754,4.505632040050062
/contact,mobile,email / newsletter,266,11,44.889539331281114,4.135338345864661
/contact,desktop,email / newsletter,295,4,58.894008128470766,1.3559322033898304
/contact,desktop,facebook / cpc,568,54,58.925923169563156,9.507042253521126
/home,mobile,facebook / cpc,490,30,56.10840403672684,6.122448979591836
/about,tablet,email / newsletter,722,32,27.609441353025126,4.43213296398892
/product,desktop,email / newsletter,476,13,61.891905840589985,2.73109243697479
